Workbook
Name ABB.1: #REF!
Name ABB.1: #REF!
Name ABB.2: #REF!
Name ABB.2: #REF!
Name ABB.3: #REF!
Name ABB.3: #REF!
Name ABB.4: #REF!
Name ABB.5: #REF!
Name ABB.6: #REF!
Name Ads: #REF!
Name Ads: Sayfa3!$C$17
Name BB: #REF!
Name BB: #REF!
Name Catv: "Amb.Çarpanlar"
Name Chtv: "Montaj Harfler"
Name CkarO: "Net Fiyatı"
Name Cmtv: "Montaj Çarpanlar"
Name Cstv: "Sarf Çarpanlar"
Name Dcki: ('BARA HESABI'!DkarO+100)*(100-'BARA HESABI'!DiskO)/10000
Name Dcki: (DkarO+100)*(100-DiskO)/10000
Name DİKİLİ: #REF!
Name DiskO: #REF!
Name DiskO: Sayfa3!$I$29
Name DkarO: #REF!
Name DkarO: Sayfa3!$I$25
Name DOLAR: #REF!
Name DOLAR: #REF!
Name DPLVP: #REF!
Name DPLVP: #REF!
Name DUVAR: #REF!
Name EACVS: #REF!
Name EASY9: #REF!
Name EASYTVS: #REF!
Name ENT.1: #REF!
Name ENT.1: #REF!
Name ENT.2: #REF!
Name ENT.2: #REF!
Name ENT.3: #REF!
Name ENT.3: #REF!
Name EU: #REF!
Name EU: #REF!
Name Eur: #REF!
Name Eur: Sayfa3!$D$17
Name Faiz: Sayfa3!$C$21
Name FORM260: #REF!
Name FORM270: #REF!
Name FORM280: #REF!
Name FORM360: #REF!
Name FORM370: #REF!
Name FORM380: #REF!
Name FORM460: #REF!
Name FORM470: #REF!
Name FORM480: #REF!
Name GRP: #REF!
Name GRP: #REF!
Name HDLSD: #REF!
Name HDPNL: #REF!
Name HDPNL: #REF!
Name IDSIG: #REF!
Name IDVSD: #REF!

Sheet Notlar
A1: S.No | B1: Açıklamalar ve Notlar
A2: 1.
A3: 2.
A4: 3.
A5: 4.
A6: 5.
A7: 6.
A8: 7.
A9: 8.
A10: 9.
A11: 10.
A12: 11.
A13: 12.
... A21: 20.

Sheet Sayfa3
B1: FİYAT ANALİZ SAYFASI V1.2
B2: Proje Genel Yapım Bilgileri | H2: Bölümler Kar Oranları | I2: Liste Fiyatı | J2: Net alış | L2: Oran % | M2: KAR Toplam
B3: Proje Adı | H3: Panolar | I3: =SUMIF(Sayfa1!A:A,"=PP-*",Sayfa1!O:O) -> 0 | J3: =SUMIF(Sayfa1!A:A,"=PP-*",Sayfa1!P:P) -> 0 | L3: 0 | M3: =SUMIF(Sayfa1!A:A,"=PP-*",Sayfa1!R:R) -> 0
B4: Proje Kısa Adresi | H4: Pano Sac Parça & Aks. | I4: =SUMIF(Sayfa1!A:A,"=PS-*",Sayfa1!O:O) -> 0 | J4: =SUMIF(Sayfa1!A:A,"=PS-*",Sayfa1!P:P) -> 0 | L4: 0 | M4: =SUMIF(Sayfa1!A:A,"=PS-*",Sayfa1!R:R) -> 0
B5: İşveren | H5: Şalt Malzeme | I5: =SUM(Sayfa1!O:O)-(SUMIF(Sayfa1!A:A,"=P?-*",Sayfa1!O:O)) -> 0 | J5: =SUM(Sayfa1!P:P)-SUMIF(Sayfa1!A:A,"=P?-*",Sayfa1!P:P) -> 0 | L5: 0 | M5: =SUM(Sayfa1!R:R)-SUMIF(Sayfa1!A:A,"=P?-*",Sayfa1!R:R) -> 0
B6: Teklif Genel Bilgileri | H6: Sarf Malzeme | I6: =SUMIF(Sayfa1!A:A,"=PM-MS*",Sayfa1!O:O) -> 0 | J6: =SUMIF(Sayfa1!A:A,"=PM-MS*",Sayfa1!P:P) -> 0 | L6: 0 | M6: =SUMIF(Sayfa1!A:A,"=PM-MS*",Sayfa1!R:R) -> 0
B7: Teklifin Numarası | C7: R-040424-103441 | H7: Bakır Bara | I7: =SUMIF(Sayfa1!A:A,"=PM-MB*",Sayfa1!O:O) -> 0 | J7: =SUMIF(Sayfa1!A:A,"=PM-MB*",Sayfa1!P:P) -> 0 | L7: 0 | M7: =SUMIF(Sayfa1!A:A,"=PM-MB*",Sayfa1!R:R) -> 0
B8: Teklifin İlk Veriliş Tarihi | C8: 04 Nisan 2024 10:34:41 | H8: İşçilik | I8: =SUMIF(Sayfa1!A:A,"=PM-MP*",Sayfa1!P:P)+SUM(Sayfa1!Q:Q) -> 0 | J8: =SUMIF(Sayfa1!A:A,"=PM-MP*",Sayfa1!P:P)+SUM(Sayfa1!Q:Q) -> 0 | L8: 0 | M8: =SUMIF(Sayfa1!A:A,"=PM-MP*",Sayfa1!R:R)+SUM(Sayfa1!S:S) -> 0
B9: Teklif Hazırlanma Bilgileri | F9: Teklifin Durumu | H9: Ambalaj | I9: =SUMIF(Sayfa1!A:A,"=PM-MA*",Sayfa1!O:O) -> 0 | J9: =SUMIF(Sayfa1!A:A,"=PM-MA*",Sayfa1!P:P) -> 0 | L9: 0 | M9: =SUMIF(Sayfa1!A:A,"=PM-MA*",Sayfa1!R:R) -> 0
B10: Hazırlayanın Adı Soyadı | C10: SERCAN GÜNGÖR | F10: Takipte | H10: Nakliye, Vinç, Depolama vs. | I10: =SUMIF(Sayfa1!A:A,"=PM-MN*",Sayfa1!O:O) -> 0 | J10: =SUMIF(Sayfa1!A:A,"=PM-MN*",Sayfa1!P:P) -> 0 | L10: 0 | M10: =SUMIF(Sayfa1!A:A,"=PM-MN*",Sayfa1!R:R) -> 0
B11: Teklifle İlgili Kişi | H11: Bölümler Kar Toplamı | M11: =SUM(M3:M10) -> 0
B12: Telefon / Fax Numarası | C12: - | D12: - | F12: -
B13: E.mail Adresi | C13: - | H13: Maliyet Analizi | I13: Toplam Miktar | J13: Birim Pano | L13: Toplam Oran % | M13: Net alış
H14: Pano Tutarı | I14: =SUMIF(Sayfa1!A:A,"=PP-*",Sayfa1!E:E) -> 0 | J14: =IF($I$14>0,J3/$I$14,0) -> 0 | K14: =IF(M14>0,M14/($M$24+M25+$M$23),0) -> 0 | M14: =SUMIF(Sayfa1!A:A,"=PP-*",Sayfa1!P:P) -> 0
B15: Ana Giriş Verileri | D15: Döviz Kurları | E15: Teklif Döviz Cinsi | F15: Teklif Döviz Satış | H15: Pano Sac Parça & Aks.Tutarı | J15: =IF($I$14>0,J4/$I$14,0) -> 0 | K15: =IF(M15>0,M15/($M$24++M24+$M$23),0) -> 0 | M15: =SUMIF(Sayfa1!A:A,"=PS-*",Sayfa1!P:P) -> 0
B16: Teklif Para Birimi (USD) | D16: 43.6234 | E16: =MID(Tpbr,20,5) -> (USD) | F16: 43.6234 | H16: Şalt Malzeme Tutarı | J16: =IF($I$14>0,J5/$I$14,0) -> 0 | K16: =IF(M16>0,M16/($M$24++M25+$M$23),0) -> 0 | M16: =SUM(Sayfa1!P:P)-SUMIF(Sayfa1!A:A,"=P?-*",Sayfa1!P:P) -> 0
B17: Adam/Saat Ücreti | C17: 75 | D17: 51.9468 | H17: Sarf Malzeme Tutarı | J17: =IF($I$14>0,J6/$I$14,0) -> 0 | K17: =IF(M17>0,M17/($M$24+M25+$M$23),0) -> 0 | M17: =SUMIF(Sayfa1!A:A,"=PM-MS*",Sayfa1!P:P) -> 0
B18: Üretim Süresi (Saat/Adam) | C18: =SUM(Sayfa1!T:T)+IF(Ads<>"-",SUMIF(Sayfa1!A:A,"=PM-MP*",Sayfa1!P:P)/Ads,0) -> 0 | D18: Kar Oran % Çarpanı | F18: =CkarO -> Net Fiyatı | H18: Bakır Bara | I18: =SUMIF(Sayfa1!A:A,"=PM-MB*",Sayfa1!E:E) -> 0 | J18: =IF($I$14>0,J7/$I$14,0) -> 0 | K18: =IF(M18>0,M18/($M$24+M25+$M$23),0) -> 0 | M18: =SUMIF(Sayfa1!A:A,"=PM-MB*",Sayfa1!P:P) -> 0
H19: İşçilikTutarı | I19: =SUM(Sayfa1!T:T)+IF(Ads<>"-",SUMIF(Sayfa1!A:A,"=PM-MP*",Sayfa1!P:P)/Ads,0) -> 0 | J19: =IF($I$14>0,J8/$I$14,0) -> 0 | K19: =IF(M19>0,M19/($M$24+M25+$M$23),0) -> 0 | M19: =SUMIF(Sayfa1!A:A,"=PM-MP*",Sayfa1!P:P)+SUM(Sayfa1!Q:Q) -> 0
B20: Ödeme Şekli | D20: Vade-Gün | E20: Ödeme % | F20: Ödeme Tutarı | H20: Ambalaj | J20: =IF($I$14>0,J9/$I$14,0) -> 0 | K20: =IF(M20>0,M20/($M$24+M25+$M$23),0) -> 0 | M20: =SUMIF(Sayfa1!A:A,"=PM-MA*",Sayfa1!P:P) -> 0
B21: Aylık Vade Oranı (%) | C21: 0 | F21: =M31 -> 0 | H21: Nakliye, Vinç, Depolama vs. | J21: =IF($I$14>0,J10/$I$14,0) -> 0 | K21: =IF(M21>0,M21/($M$24+M25+$M$23),0) -> 0 | M21: =SUMIF(Sayfa1!A:A,"=PM-MN*",Sayfa1!P:P) -> 0
B22: Siparişte / Gün / % / Tutar | D22: 0 | E22: 30 | F22: =M31*E22/100 -> 0 | H22: Genel Gider Tutar İlavesi | I22: 5 | J22: =IF($I$14>0,M22/$I$14,0) -> 0 | K22: =IF(M22>0,M22/($M$24+M25+$M$23),0) -> 0 | M22: =SUM(Sayfa1!U:U) -> 0
B23: Teslimde / Gün / % / Tutar | D23: 0 | E23: =100-E22 -> 70 | F23: =M31*E23/100 -> 0 | H23: Toplam Maliyet | K23: =IF(M23>0,M23/(M26),0) -> 0 | M23: =SUM(M14:M22) -> 0
H24: Kar Toplamı (Bölümler) | I24: =IF(M24>0,M24/(M23),0) -> 0 | K24: =IF(M26>0,M24/($M$26),0) -> 0 | M24: =M11 -> 0
B25: Pano Bilgileri | H25: Dip Yekün Kar | I25: 15 | K25: =IF(M25>0,M25/($M$26),0) -> 0 | M25: =SUM(M11+M23)*DkarO/100 -> 0
B26: ="Toplam Pano: "&SUMIF(Sayfa1!A:A,"=PP-*",Sayfa1!E:E)&""&" Adet" -> Toplam Pano: 0 Adet | H26: Teklif Toplamı | M26: =SUM(M23:M25) -> 0
B27: Hesaplanan Teslimat Bilgileri
B28: Malzeme Temin Süresi | D28: 10 | H28: Yekünden iskonto Bölümü | I28: Oran % | J28: İsk. Tutarı | M28: İsk. Teklif Toplamı
B29: Üretim Süresi (gün) / Teknisyen | C29: =SUM(Sayfa1!T:T)+IF(Ads<>"-",SUMIF(Sayfa1!A:A,"=PM-MP*",Sayfa1!P:P)/Ads,0) -> 0 | D29: =I19*26/208/F29*1.05 -> 0 | F29: 4 | H29: Dip Yekün Tenzilatı | I29: 0 | J29: =IF(DiskO=0,0,M26*DiskO/100) -> 0 | M29: =IF(I29=0,,M26-J29) -> 0
B30: Teslim Süresi (Hafta) | C30: =ROUNDUP((D28+D29+2)/7,0) -> 2 | D30: Hafta | H30: =IF(DiskO=0,"Tenzilat Sonrası Kar/Zarar",IF(M29-M23<0,"Tenzilat Sonrası Zarar","Tenzilat Sonrası Kar")) -> Tenzilat Sonrası Kar/Zarar | J30: =IF(I29=0,0,M26-M23-J29) -> 0 | K30: =IF(J30=0,"",IF(I29=0,"",J30/M29))
B31: Teslim Şekli (Grup) | C31: 1 | D31: Grup | H31: Genel Satış Tutarı | L31: =Tpbr -> Teklif Para Birimi (USD) | M31: =IF(I29=0,M26/Tpb,M29/Tpb) -> 0
I55555: Programı Hazırlayan: İlhan Şirin

Sheet Sayfa1
A1: Referans | B1: Sipariş Kd. | C1: Yapılacak İşin Cinsi | D1: Üretici | E1: Miktar | F1: Mlz. Br. Fiyat | G1: Mlz.İsk. | H1: Adam/dk | I1: Ebat | J1: Montaj Br.Fyt | K1: Net Mlz. Alış | L1: Mlz.Kar | M1: Mont. Kar | N1: Gn Gd | O1: Mlz. List Top. | P1: Mlz. Net Top. | Q1: Montaj.Top. | R1: Mlz.KarTp. | S1: Mont.KarTop. | T1: Tp.Ad/h. | U1: Top. Gn.Gd | V1: . | W1: Birim Fiyat | X1: Toplam Fiyat
B2: BÖLÜM ADI/NO: | C2: 1 | E2: 1

Sheet BARA HESABI
B2: BAKIR AĞIRLIĞI HESAPLAMA TABLOSU
B4: ANA BARA | G4: PANO GENİŞLİĞİ | S4: PE
B5: AKIM DEĞERİ | C5: KESİT | D5: 1M. KG. | E5: ADET | F5: KUTUP | G5: 300 | H5: 400 | I5: 500 | J5: 600 | K5: 700 | L5: 800 | M5: 900 | N5: 1000 | O5: 1100 | P5: 1200 | Q5: DİKEY BARA | R5: ANA BARA UZUNLUK | S5: PE UZUNLUK | T5: KESİT | U5: 1M. KG. | V5: ADET | W5: AĞIRLIK
B6: 250 | C6: 20x5 | D6: 0.9 | E6: 1 | F6: 4 | R6: =((((G6*0.3)+(H6*0.4)+(I6*0.5)+(J6*0.6)+(K6*0.7)+(L6*0.8)+(M6*0.9)+(N6*1)+(O6*1.1)+(P6*1.2)+Q6)*F6)*E6) -> 0 | S6: =(((G6*0.3)+(H6*0.4)+(I6*0.5)+(J6*0.6)+(K6*0.7)+(L6*0.8)+(M6*0.9)+(N6*1)+(O6*1.1)+(P6*1.2))*V6) -> 0 | T6: 15x3 | U6: 0.4 | V6: 1 | W6: =(R6*D6)+(S6*U6) -> 0
B7: 400 | C7: 30x5 | D7: 1.34 | E7: 1 | F7: 4 | R7: =((((G7*0.3)+(H7*0.4)+(I7*0.5)+(J7*0.6)+(K7*0.7)+(L7*0.8)+(M7*0.9)+(N7*1)+(O7*1.1)+(P7*1.2)+Q7)*F7)*E7) -> 0 | S7: =(((G7*0.3)+(H7*0.4)+(I7*0.5)+(J7*0.6)+(K7*0.7)+(L7*0.8)+(M7*0.9)+(N7*1)+(O7*1.1)+(P7*1.2))*V7) -> 0 | T7: 20x5 | U7: 0.89 | V7: 1 | W7: =(R7*D7)+(S7*U7) -> 0
B8: 630 | C8: 30x10 | D8: 2.7 | E8: 1 | F8: 4 | R8: =((((G8*0.3)+(H8*0.4)+(I8*0.5)+(J8*0.6)+(K8*0.7)+(L8*0.8)+(M8*0.9)+(N8*1)+(O8*1.1)+(P8*1.2)+Q8)*F8)*E8) -> 0 | S8: =(((G8*0.3)+(H8*0.4)+(I8*0.5)+(J8*0.6)+(K8*0.7)+(L8*0.8)+(M8*0.9)+(N8*1)+(O8*1.1)+(P8*1.2))*V8) -> 0 | T8: 30x5 | U8: 1.34 | V8: 1 | W8: =(R8*D8)+(S8*U8) -> 0
B9: 800 | C9: 50x10 | D9: 4.45 | E9: 1 | F9: 4 | R9: =((((G9*0.3)+(H9*0.4)+(I9*0.5)+(J9*0.6)+(K9*0.7)+(L9*0.8)+(M9*0.9)+(N9*1)+(O9*1.1)+(P9*1.2)+Q9)*F9)*E9) -> 0 | S9: =(((G9*0.3)+(H9*0.4)+(I9*0.5)+(J9*0.6)+(K9*0.7)+(L9*0.8)+(M9*0.9)+(N9*1)+(O9*1.1)+(P9*1.2))*V9) -> 0 | T9: 40x5 | U9: 1.78 | V9: 1 | W9: =(R9*D9)+(S9*U9) -> 0
B10: 1000 | C10: 60x10 | D10: 5.34 | E10: 1 | F10: 4 | R10: =((((G10*0.3)+(H10*0.4)+(I10*0.5)+(J10*0.6)+(K10*0.7)+(L10*0.8)+(M10*0.9)+(N10*1)+(O10*1.1)+(P10*1.2)+Q10)*F10)*E10) -> 0 | S10: =(((G10*0.3)+(H10*0.4)+(I10*0.5)+(J10*0.6)+(K10*0.7)+(L10*0.8)+(M10*0.9)+(N10*1)+(O10*1.1)+(P10*1.2))*V10) -> 0 | T10: 30x10 | U10: 2.7 | V10: 1 | W10: =(R10*D10)+(S10*U10) -> 0
B11: 1250 | C11: 80x10 | D11: 7.12 | E11: 1 | F11: 4 | R11: =((((G11*0.3)+(H11*0.4)+(I11*0.5)+(J11*0.6)+(K11*0.7)+(L11*0.8)+(M11*0.9)+(N11*1)+(O11*1.1)+(P11*1.2)+Q11)*F11)*E11) -> 0 | S11: =(((G11*0.3)+(H11*0.4)+(I11*0.5)+(J11*0.6)+(K11*0.7)+(L11*0.8)+(M11*0.9)+(N11*1)+(O11*1.1)+(P11*1.2))*V11) -> 0 | T11: 40x10 | U11: 3.56 | V11: 1 | W11: =(R11*D11)+(S11*U11) -> 0
B12: 1600 | C12: 100x10 | D12: 8.9 | E12: 1 | F12: 4 | R12: =((((G12*0.3)+(H12*0.4)+(I12*0.5)+(J12*0.6)+(K12*0.7)+(L12*0.8)+(M12*0.9)+(N12*1)+(O12*1.1)+(P12*1.2)+Q12)*F12)*E12) -> 0 | S12: =(((G12*0.3)+(H12*0.4)+(I12*0.5)+(J12*0.6)+(K12*0.7)+(L12*0.8)+(M12*0.9)+(N12*1)+(O12*1.1)+(P12*1.2))*V12) -> 0 | T12: 50x10 | U12: 4.45 | V12: 1 | W12: =(R12*D12)+(S12*U12) -> 0
B13: 2000 | C13: 120x10 | D13: 10.68 | E13: 1 | F13: 4 | R13: =((((G13*0.3)+(H13*0.4)+(I13*0.5)+(J13*0.6)+(K13*0.7)+(L13*0.8)+(M13*0.9)+(N13*1)+(O13*1.1)+(P13*1.2)+Q13)*F13)*E13) -> 0 | S13: =(((G13*0.3)+(H13*0.4)+(I13*0.5)+(J13*0.6)+(K13*0.7)+(L13*0.8)+(M13*0.9)+(N13*1)+(O13*1.1)+(P13*1.2))*V13) -> 0 | T13: 60x10 | U13: 5.34 | V13: 1 | W13: =(R13*D13)+(S13*U13) -> 0
B14: 2500 | C14: 100x10 | D14: 8.9 | E14: 2 | F14: 4 | R14: =((((G14*0.3)+(H14*0.4)+(I14*0.5)+(J14*0.6)+(K14*0.7)+(L14*0.8)+(M14*0.9)+(N14*1)+(O14*1.1)+(P14*1.2)+Q14)*F14)*E14) -> 0 | S14: =(((G14*0.3)+(H14*0.4)+(I14*0.5)+(J14*0.6)+(K14*0.7)+(L14*0.8)+(M14*0.9)+(N14*1)+(O14*1.1)+(P14*1.2))*V14) -> 0 | T14: 80x10 | U14: 7.12 | V14: 1 | W14: =(R14*D14)+(S14*U14) -> 0
B15: 3200 | C15: 120x10 | D15: 10.68 | E15: 2 | F15: 4 | R15: =((((G15*0.3)+(H15*0.4)+(I15*0.5)+(J15*0.6)+(K15*0.7)+(L15*0.8)+(M15*0.9)+(N15*1)+(O15*1.1)+(P15*1.2)+Q15)*F15)*E15) -> 0 | S15: =(((G15*0.3)+(H15*0.4)+(I15*0.5)+(J15*0.6)+(K15*0.7)+(L15*0.8)+(M15*0.9)+(N15*1)+(O15*1.1)+(P15*1.2))*V15) -> 0 | T15: 100x10 | U15: 8.9 | V15: 1 | W15: =(R15*D15)+(S15*U15) -> 0
B16: 4000 | C16: 120x10 | D16: 10.68 | E16: 3 | F16: 4 | R16: =((((G16*0.3)+(H16*0.4)+(I16*0.5)+(J16*0.6)+(K16*0.7)+(L16*0.8)+(M16*0.9)+(N16*1)+(O16*1.1)+(P16*1.2)+Q16)*F16)*E16) -> 0 | S16: =(((G16*0.3)+(H16*0.4)+(I16*0.5)+(J16*0.6)+(K16*0.7)+(L16*0.8)+(M16*0.9)+(N16*1)+(O16*1.1)+(P16*1.2))*V16) -> 0 | T16: 120x10 | U16: 10.68 | V16: 1 | W16: =(R16*D16)+(S16*U16) -> 0
B17: 5000 | C17: 160x10 | D17: 14.24 | E17: 3 | F17: 4 | R17: =((((G17*0.3)+(H17*0.4)+(I17*0.5)+(J17*0.6)+(K17*0.7)+(L17*0.8)+(M17*0.9)+(N17*1)+(O17*1.1)+(P17*1.2)+Q17)*F17)*E17) -> 0 | S17: =(((G17*0.3)+(H17*0.4)+(I17*0.5)+(J17*0.6)+(K17*0.7)+(L17*0.8)+(M17*0.9)+(N17*1)+(O17*1.1)+(P17*1.2))*V17) -> 0 | T17: 160x10 | U17: 14.24 | V17: 1 | W17: =(R17*D17)+(S17*U17) -> 0
B18: 6300 | C18: 160x10 | D18: 14.24 | E18: 4 | F18: 4 | R18: =((((G18*0.3)+(H18*0.4)+(I18*0.5)+(J18*0.6)+(K18*0.7)+(L18*0.8)+(M18*0.9)+(N18*1)+(O18*1.1)+(P18*1.2)+Q18)*F18)*E18) -> 0 | S18: =(((G18*0.3)+(H18*0.4)+(I18*0.5)+(J18*0.6)+(K18*0.7)+(L18*0.8)+(M18*0.9)+(N18*1)+(O18*1.1)+(P18*1.2))*V18) -> 0 | T18: 120x10 | U18: 10.68 | V18: 2 | W18: =(R18*D18)+(S18*U18) -> 0
B19: ŞALTER BACAKLARI | R19: ANA BARA VE PE AĞIRLIĞI : | V19: =SUM(W6:W18) -> 0
B21: AKIM DEĞERİ | C21: KESİT | D21: 1M. KG. | E21: ADET | F21: KUTUP | G21: ŞALTER SAYISI | H21: GİRİŞ BAĞLANTI UZUNLUĞU | I21: ÇIKIŞ BAĞLANTI UZUNLUĞU | J21: TOPLAM UZUNLUK | K21: AĞIRLIK | L21: TOPLAM BAKIR AĞIRLIĞI : | T21: =((V19+J35)*L30) -> 3.9396
B22: 250 | C22: 20x5 | D22: 0.89 | E22: 1 | F22: 4 | H22: 0.4 | I22: 0.3 | J22: =((G22*(F22*(H22+I22)))*E22) -> 0 | K22: =J22*D22 -> 0
B23: 400 | C23: 30x5 | D23: 1.34 | E23: 1 | F23: 4 | G23: 1 | H23: 0.4 | I23: 0.3 | J23: =((G23*(F23*(H23+I23)))*E23) -> 2.8 | K23: =J23*D23 -> 3.752
B24: 630 | C24: 30x10 | D24: 2.7 | E24: 1 | F24: 4 | H24: 0.4 | I24: 0.3 | J24: =((G24*(F24*(H24+I24)))*E24) -> 0 | K24: =J24*D24 -> 0
B25: 800 | C25: 50x10 | D25: 4.45 | E25: 1 | F25: 4 | H25: 0.5 | I25: 0.4 | J25: =((G25*(F25*(H25+I25)))*E25) -> 0 | K25: =J25*D25 -> 0 | L25: FİRE ORANI
B26: 1000 | C26: 50x10 | D26: 4.45 | E26: 1 | F26: 4 | H26: 0.5 | I26: 0.4 | J26: =((G26*(F26*(H26+I26)))*E26) -> 0 | K26: =J26*D26 -> 0
B27: 1250 | C27: 50x10 | D27: 4.45 | E27: 2 | F27: 4 | H27: 0.5 | I27: 0.4 | J27: =((G27*(F27*(H27+I27)))*E27) -> 0 | K27: =J27*D27 -> 0
B28: 1600 | C28: 50x10 | D28: 4.45 | E28: 2 | F28: 4 | H28: 0.5 | I28: 0.4 | J28: =((G28*(F28*(H28+I28)))*E28) -> 0 | K28: =J28*D28 -> 0
B29: 2000 | C29: 60x10 | D29: 5.34 | E29: 3 | F29: 4 | H29: 0.6 | I29: 0.5 | J29: =((G29*(F29*(H29+I29)))*E29) -> 0 | K29: =J29*D29 -> 0
B30: 2500 | C30: 60x10 | D30: 5.34 | E30: 3 | F30: 4 | H30: 0.6 | I30: 0.5 | J30: =((G30*(F30*(H30+I30)))*E30) -> 0 | K30: =J30*D30 -> 0 | L30: 1.05
B31: 3200 | C31: 80x10 | D31: 7.12 | E31: 3 | F31: 4 | H31: 0.6 | I31: 0.6 | J31: =((G31*(F31*(H31+I31)))*E31) -> 0 | K31: =J31*D31 -> 0
B32: 4000 | C32: 80x10 | D32: 7.12 | E32: 4 | F32: 4 | H32: 0.6 | I32: 0.6 | J32: =((G32*(F32*(H32+I32)))*E32) -> 0 | K32: =J32*D32 -> 0
B33: 5000 | C33: 160x10 | D33: 14.24 | E33: 3 | F33: 4 | H33: 0.8 | I33: 0.8 | J33: =((G33*(F33*(H33+I33)))*E33) -> 0 | K33: =J33*D33 -> 0
B34: 6300 | C34: 160x10 | D34: 14.24 | E34: 4 | F34: 4 | H34: 0.8 | I34: 0.8 | J34: =((G34*(F34*(H34+I34)))*E34) -> 0 | K34: =J34*D34 -> 0
B35: ŞALTER BACAK AĞIRLIĞI : | J35: =SUM(K22:K34) -> 3.752
